CREATE SCHEMA IF NOT EXISTS `steam`;
USE `steam` ;

CREATE TABLE IF NOT EXISTS `steam`.`game` (
  `idGame` INT NOT NULL AUTO_INCREMENT,
  `gameName` VARCHAR(45) NOT NULL,
  `releaseDate` DATE NOT NULL,
  `price` INT NOT NULL,
  `reviewScore` INT NOT NULL,
  `image` VARCHAR(45) NULL,
  PRIMARY KEY (`idGame`));
  
INSERT INTO `game` (idGame, gameName, releaseDate, price, reviewScore, image) VALUES
(1, 'Cyberstrike 2077', '2020-12-10', 59, 78, NULL),
(2, 'Elder Blades VI', '2024-03-15', 69, 92, NULL),
(3, 'Space Odyssey', '2023-11-05', 49, 88, NULL),
(4, 'The Last Survivor', '2022-09-18', 39, 85, NULL),
(5, 'Apex Legends', '2019-02-04', 0, 90, NULL),
(6, 'Valorant', '2020-06-02', 0, 87, NULL),
(7, 'Rocket League', '2015-07-07', 0, 91, NULL),
(8, 'Farming Simulator 25', '2025-02-10', 45, 81, NULL),
(9, 'Battlefield 2045', '2021-10-22', 69, 76, NULL),
(10, 'Among Bots', '2021-05-14', 10, 82, NULL),
(11, 'Horizon Beyond', '2023-02-17', 59, 93, NULL),
(12, 'Minecraft', '2011-11-18', 26, 96, NULL),
(13, 'Stardew Meadows', '2016-02-26', 15, 94, NULL),
(14, 'Call of Duty: Warline', '2022-11-11', 69, 80, NULL),
(15, 'League of Heroes', '2009-10-27', 0, 89, NULL),
(16, 'Dota Defenders 2', '2013-07-09', 0, 88, NULL),
(17, 'Counter-Strike: Source 2', '2024-04-01', 0, 91, NULL),
(18, 'Dead by Midnight', '2020-05-26', 20, 84, NULL),
(19, 'Rainbow Six Siege', '2015-12-01', 30, 87, NULL),
(20, 'No Man’s Sky', '2016-08-09', 60, 85, NULL),
(21, 'Mystic Quest', '2018-04-12', 24, 79, NULL),
(22, 'CyberFarm Tycoon', '2022-03-03', 34, 74, NULL),
(23, 'Stealth Ops', '2019-09-20', 19, 83, NULL),
(24, 'Galactic Traders', '2020-11-11', 29, 86, NULL),
(25, 'Puzzle Atelier', '2017-01-25', 9, 72, NULL),
(26, 'Horror Nightmares', '2021-10-31', 25, 77, NULL),
(27, 'Kart Racers 2024', '2024-06-07', 39, 80, NULL),
(28, 'Island Adventure', '2014-05-16', 14, 75, NULL),
(29, 'Metro Outlaws', '2016-12-05', 22, 82, NULL),
(30, 'Arena Champions', '2012-08-01', 0, 84, NULL),
(31, 'Skyforge Legends', '2019-03-18', 49, 88, NULL),
(32, 'Tiny Towns', '2015-10-21', 8, 70, NULL),
(33, 'Warhammer: Frontiers', '2021-07-09', 59, 85, NULL),
(34, 'Retro Pixelvania', '2010-11-11', 5, 68, NULL),
(35, 'Oceanic Explorer', '2018-08-30', 17, 76, NULL),
(36, 'Mech Arena', '2023-09-12', 44, 83, NULL),
(37, 'Sneak Thief', '2017-06-02', 12, 74, NULL),
(38, 'Kingdoms Unite', '2020-02-14', 39, 90, NULL),
(39, 'Zen Garden VR', '2022-12-20', 15, 71, NULL),
(40, 'Space Colony Builder', '2013-04-03', 27, 80, NULL),
(41, 'Ghost Recon: Origins', '2021-03-30', 59, 82, NULL),
(42, 'Alchemy School', '2016-01-19', 11, 69, NULL),
(43, 'Chrono Rift', '2024-01-30', 49, 91, NULL),
(44, 'Shadowrun Returns', '2012-10-10', 14, 78, NULL),
(45, 'Forest of Whispers', '2018-11-11', 16, 73, NULL),
(46, 'Puzzle Islands', '2019-05-05', 7, 67, NULL),
(47, 'Rogue Fleet', '2020-09-09', 34, 84, NULL),
(48, 'Castle Builder 3', '2017-08-22', 29, 75, NULL),
(49, 'Turbo Drift X', '2023-05-20', 34, 79, NULL),
(50, 'Epic Odyssey', '2024-09-14', 59, 92, NULL);


CREATE TABLE IF NOT EXISTS `steam`.`user` (
  `username` VARCHAR(45) NOT NULL,
  `userPassword` VARCHAR(45) NOT NULL,
  `email` VARCHAR(45) NOT NULL,
  `cellphone` VARCHAR(45) NOT NULL,
  `image` VARCHAR(45) NULL,
  PRIMARY KEY (`username`));

INSERT INTO `user` (username, userPassword, email, cellphone, image) VALUES
('sofiaperez', 'Sofi.2021!', 'sofi.perez@example.com', '5551000101', NULL),
('juanramirez', 'JuanR#87', 'juan.ramirez@example.com', '5551000102', NULL),
('martin.garcia', 'Mgarcia2020', 'martin.garcia@example.com', '5551000103', NULL),
('laura_lopez', 'LLopez!99', 'laura.lopez@example.com', '5551000104', NULL),
('carlitosx', 'carlitosX!5', 'carlitosx@example.com', '5551000105', NULL),
('anamaria', 'AnaM_1988', 'ana.maria@example.com', '5551000106', NULL),
('pablovz', 'PabloVz@42', 'pablo.vz@example.com', '5551000107', NULL),
('dr4gonSlayer', 'Dr4g0n$layer', 'dr4gon.slayer@example.com', '5551000108', NULL),
('luzhernandez', 'LuzH#2022', 'luz.hernandez@example.com', '5551000109', NULL),
('miguelito', 'Migue!ito7', 'miguelito@example.com', '5551000110', NULL),
('natalia_rios', 'NatRios!12', 'natalia.rios@example.com', '5551000111', NULL),
('alex_torres', 'AlexT.300', 'alex.torres@example.com', '5551000112', NULL),
('kikeonline', 'K!keOnl1ne', 'kike.online@example.com', '5551000113', NULL),
('veronica92', 'Vero_9292', 'veronica92@example.com', '5551000114', NULL),
('roberto_s', 'Roberto$S4', 'roberto.s@example.com', '5551000115', NULL),
('marta89', 'Marta#89!', 'marta89@example.com', '5551000116', NULL),
('the_real_jay', 'JayReal2023', 'jay.real@example.com', '5551000117', NULL),
('eva-gomez', 'EvaG!7*', 'eva.gomez@example.com', '5551000118', NULL),
('santiagoV', 'SantiV_55', 'santiago.v@example.com', '5551000119', NULL),
('andrea.m', 'AndreaM2020$', 'andrea.m@example.com', '5551000120', NULL),
('rodrigo_p', 'RodP@321', 'rodrigo.p@example.com', '5551000121', NULL),
('mariana_c', 'MariC!!14', 'mariana.c@example.com', '5551000122', NULL),
('diego_f', 'DiegoF_00', 'diego.f@example.com', '5551000123', NULL),
('camilaR', 'CamilaR*8', 'camila.r@example.com', '5551000124', NULL),
('federico', 'Fede_1985', 'federico@example.com', '5551000125', NULL),
('sofia_ortiz', 'SOrtiz#4', 'sofia.ortiz@example.com', '5551000126', NULL),
('nico_g', 'NicoGamer!1', 'nico.g@example.com', '5551000127', NULL),
('blanca', 'BlancaPass9', 'blanca@example.com', '5551000128', NULL),
('tomasv', 'TomasV%77', 'tomas.v@example.com', '5551000129', NULL),
('laura.m', 'LauM_45', 'laura.m@example.com', '5551000130', NULL),
('oscar-rodr', 'OscarR#10', 'oscar.rodr@example.com', '5551000131', NULL),
('irene33', 'Irene!33', 'irene33@example.com', '5551000132', NULL),
('gonzalo', 'Gonza_2022', 'gonzalo@example.com', '5551000133', NULL),
('vanessa.p', 'VanessaP*2', 'vanessa.p@example.com', '5551000134', NULL),
('erick89', 'Erick89##', 'erick89@example.com', '5551000135', NULL),
('paula-l', 'PaulaL.07', 'paula.l@example.com', '5551000136', NULL),
('ricardo_b', 'RicB_!55', 'ricardo.b@example.com', '5551000137', NULL),
('katy_g', 'KatyG#202', 'katy.g@example.com', '5551000138', NULL),
('jorge76', 'Jorge_76*', 'jorge76@example.com', '5551000139', NULL),
('melissa', 'Mel!ssa22', 'melissa@example.com', '5551000140', NULL),
('adrianp', 'AdriP@11', 'adrian.p@example.com', '5551000141', NULL),
('raquel98', 'Raquel98$', 'raquel98@example.com', '5551000142', NULL),
('ismael', 'Ism_2024', 'ismael@example.com', '5551000143', NULL),
('soledad', 'Sole!202', 'soledad@example.com', '5551000144', NULL),
('bastian', 'Basti#09', 'bastian@example.com', '5551000145', NULL),
('julieta', 'Juli.eta3', 'julieta@example.com', '5551000146', NULL),
('omar21', 'Omar_2111', 'omar21@example.com', '5551000147', NULL),
('monica', 'Moni#666', 'monica@example.com', '5551000148', NULL);

CREATE TABLE IF NOT EXISTS `steam`.`library` (
  `username` VARCHAR(45) NOT NULL,
  `idGame` INT NOT NULL,
  `purchaseDate` DATE NOT NULL,
  `hoursPlayed` INT NULL DEFAULT NULL,
  PRIMARY KEY (`username`, `idGame`),
  INDEX `fk_user_has_game_game1_idx` (`idGame` ASC) ,
  INDEX `fk_user_has_game_user1_idx` (`username` ASC) ,
  CONSTRAINT `fk_user_has_game_game1`
    FOREIGN KEY (`idGame`)
    REFERENCES `steam`.`game` (`idGame`),
  CONSTRAINT `fk_user_has_game_user1`
    FOREIGN KEY (`username`)
    REFERENCES `steam`.`user` (`username`));
    
INSERT INTO `library` (username, idGame, purchaseDate, hoursPlayed) VALUES
('sofiaperez', 12, '2019-06-10', 420),
('juanramirez', 31, '2020-08-22', 95),
('martin.garcia', 3, '2024-01-05', 210),
('laura_lopez', 38, '2021-03-02', 140),
('carlitosx', 7, '2018-11-12', 860),
('anamaria', 13, '2017-05-30', 320),
('pablovz', 5, '2019-02-10', 540),
('dr4gonSlayer', 2, '2024-03-20', 260),
('luzhernandez', 11, '2023-04-18', 180),
('miguelito', 30, '2015-09-01', 410),
('natalia_rios', 43, '2024-02-15', 75),
('alex_torres', 1, '2021-02-10', 120),
('kikeonline', 6, '2020-06-05', 480),
('veronica92', 15, '2016-11-08', 730),
('roberto_s', 19, '2016-01-04', 210),
('marta89', 21, '2018-04-20', 60),
('the_real_jay', 17, '2024-04-05', 190),
('eva-gomez', 9, '2021-12-02', 47),
('santiagoV', 38, '2020-03-14', 220),
('andrea.m', 12, '2020-07-07', 305),
('rodrigo_p', 24, '2021-11-15', 88),
('mariana_c', 13, '2020-02-25', 410),
('diego_f', 22, '2022-04-06', 34),
('camilaR', 50, '2024-10-01', 150),
('federico', 29, '2017-01-12', 95),
('sofia_ortiz', 36, '2023-10-10', 48),
('nico_g', 4, '2022-01-20', 72),
('blanca', 26, '2021-10-31', 25),
('tomasv', 28, '2015-06-20', 130),
('laura.m', 14, '2022-11-20', 60),
('oscar-rodr', 41, '2021-04-10', 155),
('irene33', 33, '2024-03-10', 210),
('gonzalo', 47, '2021-09-25', 90),
('vanessa.p', 8, '2025-03-15', 10),
('erick89', 18, '2020-06-15', 140),
('paula-l', 16, '2020-02-20', 280),
('ricardo_b', 39, '2023-01-02', 22),
('katy_g', 35, '2019-09-04', 55),
('jorge76', 23, '2019-10-01', 200),
('melissa', 44, '2013-11-12', 420),
('adrianp', 40, '2014-05-10', 310),
('raquel98', 27, '2024-06-10', 18),
('ismael', 32, '2016-12-15', 75),
('soledad', 20, '2017-09-09', 95),
('bastian', 25, '2017-02-02', 48),
('julieta', 45, '2018-12-12', 34),
('omar21', 48, '2018-09-01', 120),
('monica', 46, '2019-05-22', 10);
    
SELECT * FROM user;
SELECT * FROM game;
SELECT * FROM `library`;